<?xml version="1.0" encoding="UTF-8"?>
<project-private xmlns="http://www.netbeans.org/ns/project-private/1">
    <editor-bookmarks xmlns="http://www.netbeans.org/ns/editor-bookmarks/2" lastBookmarkId="0"/>
    <open-files xmlns="http://www.netbeans.org/ns/projectui-open-files/2">
        <group>
            <file>file:/C:/Users/Somerom/Documents/NetBeansProjects/TrainTicket/src/TrainTicket/Station.java</file>
            <file>file:/C:/Users/Somerom/Documents/NetBeansProjects/TrainTicket/src/TrainTicket/Login.java</file>
            <file>file:/C:/Users/Somerom/Documents/NetBeansProjects/TrainTicket/src/TrainTicket/TrainTickets.java</file>
            <file>file:/C:/Users/Somerom/Documents/NetBeansProjects/TrainTicket/src/TrainTicket/Aleart.java</file>
            <file>file:/C:/Users/Somerom/Documents/NetBeansProjects/TrainTicket/src/TrainTicket/Testing.java</file>
        </group>
    </open-files>
</project-private>
